{"products":[{"id":"0.8584558187806672","qty":3}],"totalPrice":60.300000000000004}